{"time_last_update":1780703769,"weights":{"frec":0.7,"rece":0.3},"init_weights":{"frec":0.7,"rece":0.3},"norms":{"rece":{"beta":0.001,"mean":2.248717259463093,"var":5.847604947243489},"frec":{"beta":0.001,"mean":20789.92819534847,"var":4351.063658650849}},"score_map":{"dML0gazm8MGE":{"frec":2.1993041560511624,"rece":3.1982500483956864,"final":2.4989879237545196},"Hfa4m0PlK-H7":{"frec":2.0325429733756293,"rece":0.855828171619003,"final":1.6795285328486411},"7EFyV9B0ANLk":{"frec":1.441298780253285,"rece":1.1326380507739873,"final":1.3487005614094956},"zVxZyFHjCeoL":{"frec":1.0926163073862614,"rece":1.5489234474705895,"final":1.2295084494115598},"WoJvJgnj7QpL":{"frec":1.0016556622905162,"rece":0.7760545570695715,"final":0.9339753307242327},"BtmlYQzia2tp":{"frec":0.8652146946468982,"rece":0.30950933375010564,"final":0.6985030863778604},"On-Hcynoirpm":{"frec":0.2739705015245539,"rece":-0.10375900866180143,"final":0.1606516484686473},"Nhju2FxPGVp0":{"frec":0.2739705015245539,"rece":-0.5167429241313058,"final":0.036756473827795955},"MM424tx-9AY8":{"frec":0.2739705015245539,"rece":-0.5180178040256089,"final":0.036374009859505035},"i_8OgQaSuPbn":{"frec":0.2739705015245539,"rece":-0.5184107891495988,"final":0.036256114322308075},"fPkOGLvrq_dD":{"frec":0.03140878126923316,"rece":-0.10744345654797358,"final":-0.010246890075928862}}}