{"time_last_update":1780701941,"weights":{"frec":0.7,"rece":0.3},"init_weights":{"frec":0.7,"rece":0.3},"norms":{"rece":{"beta":0.001,"mean":2.143581737753441,"var":5.624509963094345},"frec":{"beta":0.001,"mean":20785.274768066913,"var":4229.133829156048}},"score_map":{"dML0gazm8MGE":{"frec":2.302339053477124,"rece":3.3075984742741533,"final":2.6039168797162326},"Hfa4m0PlK-H7":{"frec":2.1331910130214813,"rece":0.9179211673726727,"final":1.7686100593268386},"7EFyV9B0ANLk":{"frec":1.41046756743828,"rece":0.7786403575682717,"final":1.2209194044772775},"WoJvJgnj7QpL":{"frec":1.087548581113871,"rece":0.8365382199761068,"final":1.0122454727725416},"zVxZyFHjCeoL":{"frec":0.8107608785500918,"rece":0.7816119174271315,"final":0.8020161902132037},"BtmlYQzia2tp":{"frec":0.8107608785500918,"rece":-0.061100919599189715,"final":0.5492023391053074},"On-Hcynoirpm":{"frec":0.3494480409437931,"rece":-0.061024483470577276,"final":0.226306283619482},"Nhju2FxPGVp0":{"frec":0.3494480409437931,"rece":-0.48233983263851915,"final":0.09991167886909944},"MM424tx-9AY8":{"frec":0.3494480409437931,"rece":-0.48364043163934184,"final":0.09952149916885261},"i_8OgQaSuPbn":{"frec":0.3494480409437931,"rece":-0.48404134474643795,"final":0.09940122523672379},"fPkOGLvrq_dD":{"frec":0.10341452755376719,"rece":-0.06478326048224117,"final":0.05295519114296468}}}