{"time_last_update":1780698059,"weights":{"frec":0.7,"rece":0.3},"init_weights":{"frec":0.7,"rece":0.3},"norms":{"rece":{"beta":0.001,"mean":1.8733214761063202,"var":4.924744535990546},"frec":{"beta":0.001,"mean":20770.499626463654,"var":3569.4150405115024}},"score_map":{"Hfa4m0PlK-H7":{"frec":2.5692768986158065,"rece":1.1049212721556212,"final":2.129970210677751},"dML0gazm8MGE":{"frec":2.502325220533865,"rece":3.6589547660825343,"final":2.8493140841984657},"7EFyV9B0ANLk":{"frec":1.6319534054686249,"rece":0.5048491157996414,"final":1.2938221185679297},"WoJvJgnj7QpL":{"frec":0.9624366246492096,"rece":0.11613630472500479,"final":0.7085465286719482},"MM424tx-9AY8":{"frec":0.6276782342395019,"rece":-0.39457635102625255,"final":0.32100185865977554},"i_8OgQaSuPbn":{"frec":0.6276782342395019,"rece":-0.395005278482325,"final":0.3208731804229538},"fPkOGLvrq_dD":{"frec":0.35987152191173577,"rece":0.05354903500422743,"final":0.26797477583948326}}}