{"time_last_update":1780701272,"weights":{"frec":0.7,"rece":0.3},"init_weights":{"frec":0.7,"rece":0.3},"norms":{"rece":{"beta":0.001,"mean":2.0831358587529683,"var":5.52348825635729},"frec":{"beta":0.001,"mean":20781.925407009072,"var":4137.073104163448}},"score_map":{"dML0gazm8MGE":{"frec":2.348793494207361,"rece":3.3634896458953794,"final":2.6532023397137663},"Hfa4m0PlK-H7":{"frec":2.208868302092922,"rece":0.9523488797186597,"final":1.8319124753806433},"7EFyV9B0ANLk":{"frec":1.338222662269748,"rece":0.38625466188823304,"final":1.0526322621552933},"WoJvJgnj7QpL":{"frec":1.1516557394504963,"rece":0.8702093429267913,"final":1.0672218204933848},"zVxZyFHjCeoL":{"frec":0.8718053552216188,"rece":0.814772409350541,"final":0.8546954714602955},"BtmlYQzia2tp":{"frec":0.8718053552216188,"rece":-0.035774840365123614,"final":0.599531296545596},"On-Hcynoirpm":{"frec":0.4053880481734897,"rece":-0.03569769363599626,"final":0.27306232563064387},"Nhju2FxPGVp0":{"frec":0.4053880481734897,"rece":-0.4609298673409699,"final":0.1454926735191518},"MM424tx-9AY8":{"frec":0.4053880481734897,"rece":-0.4622425575653603,"final":0.14509886645183467},"i_8OgQaSuPbn":{"frec":0.4053880481734897,"rece":-0.46264719782433483,"final":0.14497747437414232},"fPkOGLvrq_dD":{"frec":0.1566321510811542,"rece":-0.03949141471048059,"final":0.09779508134366374}}}